age,workclass,Continous,education,marital-status,occupation,race,sex,Breast_cancer,capital-gain,hours-per-week,native-country,Label
39, State-gov,77516, Bachelors, Never-married, Adm-clerical, White, Male,No,2174,40, United-States,1
50, Self-emp-not-inc,83311, Bachelors, Married-civ-spouse, Exec-managerial, White, Male,No,234342,13, United-States,0
38, Private,215646, HS-grad, Divorced, Handlers-cleaners, White, Male,No,3456,40, United-States,1
53, Private,234721, 11th, Married-civ-spouse, Handlers-cleaners, Black, Male,No,5566,40, United-States,1
28, Private,338409, Bachelors, Married-civ-spouse, Prof-specialty, Black, Female,Yes,3567,40, Cuba,0
37, Private,284582, Masters, Married-civ-spouse, Exec-managerial, White, Female,No,7755,40, United-States,1
49, Private,160187, 9th, Married-spouse-absent, Other-service, Black, Female,No,4356366,16, Jamaica,1
52, Self-emp-not-inc,209642, HS-grad, Married-civ-spouse, Exec-managerial, White, Male,No,7878544,45, United-States,1
31, Private,45781, Masters, Never-married, Prof-specialty, White, Female,Yes,14084,50, United-States,0
42, Private,159449, Bachelors, Married-civ-spouse, Exec-managerial, White, Male,No,5178,40, United-States,1
37, Private,280464, Some-college, Married-civ-spouse, Exec-managerial, Black, Male,No,32234,80, United-States,1
30, State-gov,141297, Bachelors, Married-civ-spouse, Prof-specialty, Asian-Pac-Islander, Male,No,43544,40, India,1
23, Private,122272, Bachelors, Never-married, Adm-clerical, White, Female,Yes,65577,30, United-States,1
32, Private,205019, Assoc-acdm, Never-married, Sales, Black, Male,No,5333,50, United-States,0
40, Private,121772, Assoc-voc, Married-civ-spouse, Craft-repair, Asian-Pac-Islander, Male,No,43546,40,Cuba,1
34, Private,245487, 7th-8th, Married-civ-spouse, Transport-moving, Amer-Indian-Eskimo, Male,No,34356,45, Mexico,1
25, Self-emp-not-inc,176756, HS-grad, Never-married, Farming-fishing, White, Male,No,4455,35, United-States,1
32, Private,186824, HS-grad, Never-married, Machine-op-inspct, White, Male,No,423243,40, United-States,1
38, Private,28887, 11th, Married-civ-spouse, Sales, White, Male,No,23545,50, United-States,0
37, Private,284582, Masters, Married-civ-spouse, Exec-managerial, White, Female,No,7755,40, United-States,1
28, Private,168901, Bachelors, Married-civ-spouse, Married-civ-spouse, Asian-Pac-Islander, Male,No,4535,40, Taiwan,0
55, Private,750972, 7th-8th, Married-civ-spouse, Married-civ-spouse, White, Male,No,54366,41, United-States,1
58, Private,142924, Masters, Never-married, Never-married, White, Female,Yes,5657,24, United-States,0
74, Self-emp-not-inc,228075, Some-college, Married-civ-spouse, Married-civ-spouse, White, Male,No,5757,25, United-States,1
27, Private,91189, HS-grad, Never-married, Never-married, White, Male,No,8564,40, United-States,0
37, Private,290609, HS-grad, Divorced, Divorced, Black, Female,No,467,40, United-States,1
22,Self-emp-not-inc,31102, Some-college, Never-married, Never-married, Asian-Pac-Islander, Female,No,5567,4, South,0
44, Self-emp-not-inc,216921, 10th, Married-civ-spouse, Married-civ-spouse, White, Male,No,7455,70, United-States,1
23, Private,120046, Assoc-acdm, Never-married, Never-married, White, Male,No,7557,40, United-States,0
41, Private,324629, Bachelors, Married-civ-spouse, Married-civ-spouse, White, Male,No,5345,40, Yugoslavia,1
